{"cameraMode":{"drawMode":0,"name":"Shaded","section":"Shading Mode"},"sceneLighting":true,"audioPlay":false,"sceneViewState":{"m_AlwaysRefresh":false,"showFog":true,"showSkybox":true,"showFlares":true,"showImageEffects":true,"showParticleSystems":true,"showVisualEffectGraphs":true,"m_FxEnabled":true},"in2DMode":false,"pivot":{"x":-0.12829598784446717,"y":-0.00616857735440135,"z":1.6503335237503052},"rotation":{"x":-0.16305631399154664,"y":0.016274115070700647,"z":-0.0026950216852128507,"w":-0.9864877462387085},"size":1.4802827835083008,"orthographic":false}